TipoLinea,TipoeCF,ENCF,FechaVencimientoSecuencia,IndicadorNotaCredito,IndicadorEnvioDiferido,IndicadorMontoGravado,TipoIngresos,TipoPago,FechaLimitePago,TerminoPago,FormaPago1,MontoPago1,FormaPago2,MontoPago2,FormaPago3,MontoPago3,FormaPago4,MontoPago4,FormaPago5,MontoPago5,FormaPago6,MontoPago6,FormaPago7,MontoPago7,TipoCuentaPago,NumeroCuentaPago,BancoPago,FechaDesde,FechaHasta,TotalPaginas,RNCEmisor,RazonSocialEmisor,NombreComercial,Sucursal,DireccionEmisor,Municipio,Provincia,TelefonoEmisor1,TelefonoEmisor2,TelefonoEmisor3,CorreoEmisor,WebSite,ActividadEconomica,CodigoVendedor,NumeroFacturaInterna,NumeroPedidoInterno,ZonaVenta,RutaVenta,InformacionAdicionalEmisor,FechaEmision,RNCComprador,IdentificadorExtranjero,RazonSocialComprador,ContactoComprador,CorreoComprador,DireccionComprador,MunicipioComprador,ProvinciaComprador,PaisComprador,FechaEntrega,ContactoEntrega,DireccionEntrega,TelefonoAdicional,FechaOrdenCompra,NumeroOrdenCompra,CodigoInternoComprador,ResponsablePago,InformacionAdicionalComprador,FechaEmbarque,NumeroEmbarque,NumeroContenedor ,NumeroReferencia,NombrePuertoEmbarque,CondicionesEntrega,TotalFob,Seguro,Flete,OtrosGastos,TotalCif,RegimenAduanero,NombrePuertoSalida,NombrePuertoDesembarque,PesoBruto,PesoNeto,UnidadPesoBruto,UnidadPesoNeto,CantidadBulto,UnidadBulto,VolumenBulto,UnidadVolumen,ViaTransporte,PaisOrigen,DireccionDestino,PaisDestino,RNCIdentificacionCompaniaTransportista,NombreCompaniaTransportista,NumeroViaje,Conductor,DocumentoTransporte,Ficha,Placa,RutaTransporte,ZonaTransporte,NumeroAlbaran,MontoGravadoTotal,MontoGravadoI1,MontoGravadoI2,MontoGravadoI3,MontoExento,ITBIS1,ITBIS2,ITBIS3,TotalITBIS,TotalITBIS1,TotalITBIS2,TotalITBIS3,MontoImpuestoAdicional,TipoImpuesto1,TasaImpuestoAdicional1,MontoImpuestoSelectivoConsumoEspecifico1,MontoImpuestoSelectivoConsumoAdvalorem1,OtrosImpuestosAdicionales1,TipoImpuesto2,TasaImpuestoAdicional2,MontoImpuestoSelectivoConsumoEspecifico2,MontoImpuestoSelectivoConsumoAdvalorem2,OtrosImpuestosAdicionales2,TipoImpuesto3,TasaImpuestoAdicional3,MontoImpuestoSelectivoConsumoEspecifico3,MontoImpuestoSelectivoConsumoAdvalorem3,OtrosImpuestosAdicionales3,TipoImpuesto4,TasaImpuestoAdicional4,MontoImpuestoSelectivoConsumoEspecifico4,MontoImpuestoSelectivoConsumoAdvalorem4,OtrosImpuestosAdicionales4,MontoTotal,MontoNoFacturable,MontoPeriodo,SaldoAnterior,MontoAvancePago,ValorPagar,TotalITBISRetenido,TotalISRRetencion,TotalITBISPercepcion,TotalISRPercepcion,TipoMoneda,TipoCambio,MontoGravadoTotalOtraMoneda,MontoGravado1OtraMoneda,MontoGravado2OtraMoneda,MontoGravado3OtraMoneda,MontoExentoOtraMoneda,TotalITBISOtraMoneda,TotalITBIS1OtraMoneda,TotalITBIS2OtraMoneda,TotalITBIS3OtraMoneda,MontoImpuestoAdicionalOtraMoneda,TipoImpuestoOtraMoneda1,TasaImpuestoAdicionalOtraMoneda1,MontoImpuestoSelectivoConsumoEspecificoOtraMoneda1,MontoImpuestoSelectivoConsumoAdvaloremOtraMoneda1,OtrosImpuestosAdicionalesOtraMoneda1,TipoImpuestoOtraMoneda2,TasaImpuestoAdicionalOtraMoneda2,MontoImpuestoSelectivoConsumoEspecificoOtraMoneda2,MontoImpuestoSelectivoConsumoAdvaloremOtraMoneda2,OtrosImpuestosAdicionalesOtraMoneda2,TipoImpuestoOtraMoneda3,TasaImpuestoAdicionalOtraMoneda3,MontoImpuestoSelectivoConsumoEspecificoOtraMoneda3,MontoImpuestoSelectivoConsumoAdvaloremOtraMoneda3,OtrosImpuestosAdicionalesOtraMoneda3,TipoImpuestoOtraMoneda4,TasaImpuestoAdicionalOtraMoneda4,MontoImpuestoSelectivoConsumoEspecificoOtraMoneda4,MontoImpuestoSelectivoConsumoAdvaloremOtraMoneda4,OtrosImpuestosAdicionalesOtraMoneda4,MontoTotalOtraMoneda,NumeroLinea,TipoCodigo1,CodigoItem1,TipoCodigo2,CodigoItem2,TipoCodigo3,CodigoItem3,TipoCodigo4,CodigoItem4,TipoCodigo5,CodigoItem5,IndicadorFacturacion,IndicadorAgenteRetencionoPercepcion,MontoITBISRetenido,MontoISRRetenido,NombreItem,IndicadorBienoServicio,DescripcionItem,CantidadItem,UnidadMedida,CantidadReferencia,UnidadReferencia,Subcantidad1,CodigoSubcantidad1,Subcantidad2,CodigoSubcantidad2,Subcantidad3,CodigoSubcantidad3,Subcantidad4,CodigoSubcantidad4,Subcantidad5,CodigoSubcantidad5,GradosAlcohol,PrecioUnitarioReferencia,FechaElaboracion,FechaVencimientoItem,PesoNetoKilogramo,PesoNetoMineria,TipoAfiliacion,Liquidacion,PrecioUnitarioItem,DescuentoMonto,TipoSubDescuento1,SubDescuentoPorcentaje1,MontoSubDescuento1,TipoSubDescuento2,SubDescuentoPorcentaje2,MontoSubDescuento2,TipoSubDescuento3,SubDescuentoPorcentaje3,MontoSubDescuento3,TipoSubDescuento4,SubDescuentoPorcentaje4,MontoSubDescuento4,TipoSubDescuento5,SubDescuentoPorcentaje5,MontoSubDescuento5,RecargoMonto,TipoSubRecargo1,SubRecargoPorcentaje1,MontosubRecargo1,TipoSubRecargo2,SubRecargoPorcentaje2,MontosubRecargo2,TipoSubRecargo3,SubRecargoPorcentaje3,MontosubRecargo3,TipoSubRecargo4,SubRecargoPorcentaje4,MontosubRecargo4,TipoSubRecargo5,SubRecargoPorcentaje5,MontosubRecargo5,TipoImpuesto1,TipoImpuesto2,PrecioOtraMoneda,DescuentoOtraMoneda,RecargoOtraMoneda,MontoItemOtraMoneda,MontoItem

E,31,E310000001000,31-12-2025,,,0,01,1,,,,,,,,,,,,,,,,,,,,,,,131695312,Megatone Electronics,,,Centro,,,,,,,,,,,,,,,20-05-2025,130239061,,LH INTERNACIONAL SRL,,,,,,,,,,,,,,,,,,,,,,,,,,,,,,,,,,,,,,,,,,,,,,,,,,,,             406.78,             406.78,,,            1546.00,18,,,              73.22,              73.22,,,,,,,,,,,,,,,,,,,,,,,,            2026.00

D,31,E310000001000,,,,,,,,,,,,,,,,,,,,,,,,,,,,,131695312,,,,,,,,,,,,,,,,,,,,,,,,,,,,,,,,,,,,,,,,,,,,,,,,,,,,,,,,,,,,,,,,,,,,,,,,,,,,,,,,,,,,,,,,,,,,,,,,,,,,,,,,,,,,,,,,,,,,,,,,,,,,,,,,,,,,,,,,,,,,,,,,,,,,,,    1,,,,,,,,,,,4,,,,PANEL SOLAR  330W (47VOC/ 38 VMP) USADOS IREX,1,,               1.00,,,,,,,,,,,,,,,,,,,,,,            1151.0000,,,,,,,,,,,,,,,,,,,,,,,,,,,,,,,,,,,,,,,            1151.00

D,31,E310000001000,,,,,,,,,,,,,,,,,,,,,,,,,,,,,131695312,,,,,,,,,,,,,,,,,,,,,,,,,,,,,,,,,,,,,,,,,,,,,,,,,,,,,,,,,,,,,,,,,,,,,,,,,,,,,,,,,,,,,,,,,,,,,,,,,,,,,,,,,,,,,,,,,,,,,,,,,,,,,,,,,,,,,,,,,,,,,,,,,,,,,,    2,,,,,,,,,,,1,,,,ESPUMA LIMPIADORA MULTISUPERFICIE 590ML SABO,1,,               1.00,,,,,,,,,,,,,,,,,,,,,,             406.7797,,,,,,,,,,,,,,,,,,,,,,,,,,,,,,,,,,,,,,,             406.78

D,31,E310000001000,,,,,,,,,,,,,,,,,,,,,,,,,,,,,131695312,,,,,,,,,,,,,,,,,,,,,,,,,,,,,,,,,,,,,,,,,,,,,,,,,,,,,,,,,,,,,,,,,,,,,,,,,,,,,,,,,,,,,,,,,,,,,,,,,,,,,,,,,,,,,,,,,,,,,,,,,,,,,,,,,,,,,,,,,,,,,,,,,,,,,,    3,,,,,,,,,,,4,,,,PANEL SOLAR  400W (47VOC/ 41.7 VMP) USADOS IREX,1,,               1.00,,,,,,,,,,,,,,,,,,,,,,             395.0000,,,,,,,,,,,,,,,,,,,,,,,,,,,,,,,,,,,,,,,             395.00
