{
  "type": "view",
  "name": "vFEDetalle",
  "schema": "dbo",
  "description": "Vista de detalle de ítems e-CF para DGII",
  "execution": "replace",
  "ddl": "\nCREATE VIEW dbo.vFEDetalle\nAS\nSELECT\n  NumeroLinea, RNCEmisor, TipoECF, eNCF,\n  TipoCodigo1, CodigoItem1,\n  TipoCodigo2, CodigoItem2,\n  TipoCodigo3, CodigoItem3,\n  TipoCodigo4, CodigoItem4,\n  TipoCodigo5, CodigoItem5,\n  IndicadorFacturacion,\n  IndicadorAgenteRetencionoPercepcion,\n  MontoITBISRetenido,\n  MontoISRRetenido,\n  NombreItem,\n  IndicadorBienoServicio,\n  DescripcionItem,\n  CantidadItem,\n  UnidadMedida,\n  CantidadReferencia,\n  UnidadReferencia,\n  Subcantidad1, CodigoSubcantidad1,\n  Subcantidad2, CodigoSubcantidad2,\n  Subcantidad3, CodigoSubcantidad3,\n  Subcantidad4, CodigoSubcantidad4,\n  Subcantidad5, CodigoSubcantidad5,\n  GradosAlcohol,\n  PrecioUnitarioReferencia,\n  FechaElaboracion,\n  FechaVencimientoItem,\n  PesoNetoKilogramo,\n  PesoNetoMineria,\n  TipoAfiliacion,\n  Liquidacion,\n  PrecioUnitarioItem,\n  DescuentoMonto,\n  '$' AS TipoSubDescuento1,\n  SubDescuentoPorcentaje1,\n  MontoSubDescuento1,\n  TipoSubDescuento2,\n  SubDescuentoPorcentaje2,\n  MontoSubDescuento2,\n  TipoSubDescuento3,\n  SubDescuentoPorcentaje3,\n  MontoSubDescuento3,\n  TipoSubDescuento4,\n  SubDescuentoPorcentaje4,\n  MontoSubDescuento4,\n  TipoSubDescuento5,\n  SubDescuentoPorcentaje5,\n  MontoSubDescuento5,\n  MontoRecargo,\n  TipoSubRecargo1,\n  SubRecargoPorcentaje1,\n  MontoSubRecargo1,\n  TipoSubRecargo2,\n  SubRecargoPorcentaje2,\n  MontoSubRecargo2,\n  TipoSubRecargo3,\n  SubRecargoPorcentaje3,\n  MontoSubRecargo3,\n  TipoSubRecargo4,\n  SubRecargoPorcentaje4,\n  MontoSubRecargo4,\n  TipoSubRecargo5,\n  SubRecargoPorcentaje5,\n  MontoSubRecargo5,\n  TipoImpuesto1,\n  TipoImpuesto2,\n  PrecioOtraMoneda,\n  DescuentoOtraMoneda,\n  RecargoOtraMoneda,\n  MontoItemOtraMoneda,\n  MontoItem\nFROM dbo.FEDetalle\n"
}